topicId,word
0,tumor
0,cell
0,expression
0,level
0,week
0,patient
0,bevacizumab
0,dose
0,mouse
0,growth
0,integrin
0,inhibition
0,cancer
0,effect
0,analysis
0,eenl
0,treated
0,serum
0,iron
1,particle
1,protein
1,afm
1,image
1,count
1,flow
1,measurement
1,microscopy
1,size
1,formulation
1,technique
1,using
1,instrument
1,light
1,era
1,sample
1,imaging
1,solution
1,force
2,sample
2,formulation
2,concentration
2,method
2,assay
2,temperature
2,storage
2,used
2,csf
2,validation
2,freeze
2,analytical
2,range
2,wiv
2,analysis
2,standard
2,process
2,stability
2,value
3,brain
3,concentration
3,plasma
3,drug
3,ecf
3,time
3,animal
3,transport
3,rat
3,administration
3,quinidine
3,text
3,csf
3,min
3,model
3,human
3,compartment
3,nose
3,atazanavir
4,cell
4,peptide
4,drug
4,function
4,nanoparticles
4,process
4,neuropeptides
4,protein
4,approach
4,interaction
4,surface
4,molecule
4,active
4,product
4,target
4,receptor
4,paclitaxel
4,disease
4,example
5,antibody
5,vaccine
5,cell
5,antigen
5,response
5,titer
5,lns
5,particle
5,immune
5,subject
5,mouse
5,treatment
5,immunization
5,specific
5,induced
5,positive
5,fig
5,igg
5,gem
6,usepackage
6,model
6,data
6,document
6,parameter
6,method
6,covariate
6,individual
6,estimate
6,missing
6,end
6,begin
6,upgreek
6,documentclass
6,oddsidemargin
6,setlength
6,mathrsfs
6,amsfonts
6,wasysym
7,study
7,drug
7,patient
7,based
7,design
7,effect
7,clinical
7,data
7,sample
7,non
7,case
7,potential
7,used
7,use
7,sampling
7,test
7,result
7,factor
7,example
8,model
8,concentration
8,mathrm
8,value
8,macitentan
8,observed
8,mean
8,time
8,plasma
8,act
8,day
8,profile
8,period
8,data
8,telapristone
8,using
8,line
8,age
8,clearance
9,ion
9,oxytocin
9,target
9,ligand
9,buffer
9,compound
9,metal
9,scoring
9,solution
9,skin
9,function
9,docking
9,binding
9,water
9,citrate
9,effect
9,stability
9,concentration
9,interaction
